twitter_id,full_text
1471972072645709824,"Un compa√±ero en toda la l√≠nea, del Polo, del Congreso, del Pacto, de mi campa√±a presidencial.

German Reyes un luchador social desde la medicina y la salud ha muerto

QEPD https://t.co/83Z3agnQC9"
1471971145129857029,¬øQu√© impuestos nuevos hay que crear en Colombia?: los que nos hagan transitar de una econom√≠a basada en lo f√≥sil hacia una econom√≠a descarbonizada. https://t.co/0TZ8uhaBio
1471259239800786950,"En junio presentamos un plan de empleo juvenil que recibi√≥ m√°s de mil comentarios suyos, que en su mayor√≠a acogimos. Hoy lanzamos el resultado: 'J√≥venes en el centro de las oportunidades', una propuesta que incluye empleo, educaci√≥n y un sistema integral de cuidados. https://t.co/hEolpWWY0g"
1470385522782588928,"Entiendo el susto de padres y madres frente a la discusi√≥n de la regulaci√≥n de las drogas, pero hay una forma de enfrentar esos miedos. La educaci√≥n es el principal ant√≠doto para vivir sin miedo y podemos hacer pedagog√≠a alrededor de estos temas. #ElDebate @RevistaSemana https://t.co/zKURmKcTKP"
1470208058961891331,"El primer paso para luchar contra la corrupci√≥n es la voluntad pol√≠tica de quien gobierna, es clave para devolverle a la gente la confianza en las instituciones. Lo hicimos en Medell√≠n, lo hicimos en Antioquia y lo haremos en la presidencia. #ElDebate @RevistaSemana https://t.co/mk9NUaU4Cl"
1471927613107154944,"Feliz cumplea√±os al papa de los pobres, el √∫nico que se atrevi√≥ a denunciar la corrupci√≥n en todo el mundo üôèüèºü•≥

#RodolfoHernandez #LigaAnticorrupcion https://t.co/SfFWk64LZA"
1470759922153537544,"El terrorismo es un flagelo mundial con el que luchan todas las naciones, se alimenta de la corrupci√≥n y la mala administraci√≥n estatal. Cero impunidad con quienes pretenden da√±ar el pa√≠s.

#C√∫cuta #NorteDeSantander #NosDueleATodos #RodolfoHernandez"
1468963256387588105,"""La sociedad est√° llamada a comprometerse concretamente para combatir el c√°ncer de la corrupci√≥n que, con la ilusi√≥n de ganancias r√°pidas y f√°ciles, en realidad empobrece a todos"" 
- Papa Francisco 

#DiaInternacionalContralaCorrupcion 
#RodolfoHernandez #FelizJueves"
1463915483707621377,"La lucha contra la corrupci√≥n no es de derecha ni de izquierda, es de todo un pa√≠s que ya est√° mamado de que lo roben ¬°Lleg√≥ la hora del cambio, Colombia!

https://t.co/51fDiQ5Ehx"
1471226083873808387,"Gran noticia para Bogot√°. A pesar de cr√≠ticas de Alcaldesa @ClaudiaLopez a @PoliciaColombia, la gente pide m√°s autoridad y unidades para luchar contra delincuentes.

Mi compromiso: aumentar ese refuerzo y garantizar Seguridad Democr√°tica 2.0 en regiones.

https://t.co/auMdL3Tgrv"
1470830455981326355,El terrorismo sigue actuando culpa de la impunidad que significaron los acuerdos. La paz nunca se lograr√° matando inocentes y poniendo bombas en lugares p√∫blicos.
1470361646958796805,"Acorralar al narcotr√°fico y a la delincuencia para devolverles la tranquilidad a las familias colombianas, esa ser√° mi prioridad. 

@DespiertaAnt | #Medellin"
1469301380728901637,Los emprendedores del pa√≠s son el futuro de una mejor econom√≠a üí™üèºüá®üá¥ https://t.co/75GmkUj3uk
1468615374165921792,"Hoy Colombia es uno de los pa√≠ses con mejores √≠ndices en proceso de vacunaci√≥n contra Covid-19, lo que ha permitido salvar miles de vidas y reactivaci√≥n de nuestra econom√≠a.

Reconocimiento a Gobierno, equipo de salud y a cada integrante de equipos de vacunaci√≥n de todo el pa√≠s. https://t.co/jmTMUKeY9t"
1468575723640307716,"El proceso en el que estamos es escuchar a los colombianos, as√≠ podremos entender sus preocupaciones en materia de seguridad, empleo, salud y oportunidades.

#SoyTodoO√≠dos https://t.co/nmiVGm1ieH"
1468191424118239232,"Los j√≥venes est√°n buscando oportunidades en educaci√≥n y empleo y en ese sentido he desarrollado propuestas. Un joven bien formado en competencias har√° la diferencia. 

En @AsbNoticias"
1468188706251186181,"El proceso en el que estamos es escuchar a los colombianos, as√≠ podremos entender sus preocupaciones en materia de seguridad, empleo, salud y oportunidades para todos. 

En @AsbNoticias"
1467205625251868673,"Ma√±ana 5 de diciembre invito los j√≥venes de Colombia para que salgan a votar por los candidatos del @CeDemocratico. ¬°La nueva generaci√≥n del Centro est√° lista para trabajar por un mejor pa√≠s!

¬°#MiParcheParaVotar son los j√≥venes de la Seguridad Democr√°tica 2.0! https://t.co/YHQq6kfBY9"
1466746828460863496,"Necesitamos una educaci√≥n orientada al trabajo y el emprendimiento, una educaci√≥n que le permita que los j√≥venes de manera r√°pida puedan tener m√°s oportunidades. 

En Radio Candela VIVA | #Valledupar https://t.co/wFBzsP4gCE"
1466378378915860480,"Hablando con los comerciantes de Ciudad Bol√≠var en Bogot√° me expresaron que la reactivaci√≥n econ√≥mica las est√°n evidenciando en sus negocios, eso es una buena noticia, poco a poco la econom√≠a del pa√≠s se est√° levantando. 

@AtlanticoEmi | #Atl√°ntico"
1466376405898436612,"Yo espero que el cap√≠tulo de la persecuci√≥n pol√≠tica no se vuelva a repetir para nadie y que la justicia nunca se vea politizada otra vez. Le deseo a Fajardo que pueda resolver sus asuntos y pueda demostrar su inocencia. 

@AtlanticoEmi | #Atl√°ntico"
1465294264011837445,"Con educaci√≥n y empleo bien remunerado, as√≠ vamos a combatir la pobreza en nuestro pa√≠s. Pero eso no se logra con decretos, sino creando las condiciones necesarias para que las empresas puedan salir adelante. 

@TROYA_NOTICIAS #Bogot√°"
1464642551462469637,"Debemos hablarles a los colombianos de los temas que le interesan. La seguridad es uno de ellos. En las conversaciones que he tenido, alguien me dijo: ‚ÄúZuluaga, nadie nace delincuente: es una cuesti√≥n de falta de oportunidades‚Äù. Eso es una gran verdad. 

#CDConZuluaga"
1464638062252679168,"La realidad del pol√≠tico es muy diferente a la del ciudadano de a pie. En todos estos recorridos, nadie me ha preguntado, ‚Äúoiga Oscar Iv√°n, ¬øusted con qui√©n va hacer alianza‚Äù? La gente lo que pide es empleos, seguridad, educaci√≥n y oportunidades para todos.

#CDConZuluaga"
1464637012531728384,"Los colombianos pensamos de manera diferente, pero todos amamos a nuestro pa√≠s y en el fondo queremos lo mismo: empleos dignos y bien remunerados, seguridad, salud, educaci√≥n y oportunidades para todos por igual.

#CDConZuluaga https://t.co/RWBSN8Mdem"
1464360826857574401,"El transporte es arter√≠a de la econom√≠a, es quien alimenta el pa√≠s en cada regi√≥n, es un sector comprometido con la recuperaci√≥n de la econom√≠a. Tengo la capacidad de escucharlos y que tengan la incidencia que se merecen en la agenda nacional.

@Colfecar #45A√±osColfecar https://t.co/szmYnQdZqD"
1464353368936177677,"He llegado al  Congreso de Transporte de Carga y log√≠stica de @Colfecar, un sector clave para la econom√≠a del pa√≠s. ¬°Gracias por el recibimiento! https://t.co/8xZnj2YJjM"
1464289571194159109,"30 a√±os de experiencia p√∫blica me han ense√±ado que lo fundamental es tener una identidad de principios y valores: en qu√© cree uno y hacia d√≥nde queremos llevar el pa√≠s.
M√°s que hablar de coaliciones, yo quiero hablar de empleo, seguridad, educaci√≥n y oportunidades para todos üí™üèºüá®üá¥ https://t.co/1ayxNKE5hd"
1464271961090150404,"En Cartagena, foro de @NaturgasCol, un sector relevante para la econom√≠a del pa√≠s. Ser√° un aliado estrat√©gico para nuestro desarrollo sostenible y econ√≥mico, brind√°ndole energ√≠a limpia y barata a los colombianos.  #CongresoNaturgas2021 https://t.co/FUHki9HD6s"
1463498369893031941,"Ahora lo fundamental es es escuchar a la ciudadan√≠a para construir una respuesta a las preocupaciones que hoy tienen los colombianos en materia de seguridad, empleo, educaci√≥n y salud. M√°s que en mec√°nicas pol√≠ticas, estamos pensando en resolver problemas. 

@OyeCali"
1463256648777179137,"Tener un mejor pa√≠s es posible, con ideas y sin discursos de odio. Tenemos un plan concreto en materia de seguridad, empleo, educaci√≥n, salud y generaci√≥n de oportunidades. Los colombianos, m√°s que peleas pol√≠ticas, esperan soluciones.

https://t.co/j409MyQtaF v√≠a @ElUniversalCtg"
1462910354489589763,"Doctor, @RafaNietoLoaiza , vamos a revolucionar la educaci√≥n de nuestros j√≥venes y a masificar el aprendizaje del ingl√©s en todos los colegios del pa√≠s. 

En equipo, lo vamos a lograr. https://t.co/reUQ5RVFfN"
1462909178452881417,Estimada @MariaFdaCabal : su valent√≠a y liderazgo ser√°n fundamentales para construir la Seguridad Democr√°tica 2.0 que tanto necesita este pa√≠s. https://t.co/GpAkDyCNLf
1462908869689159692,"Presidente @AlvaroUribeVel , gracias por todo su apoyo. Me duele que est√© sometido a las arbitrariedades judiciales, pero por experiencia propia se lo puedo decir: la justicia tarda, pero llega. https://t.co/cBnes2LSij"
1462834910339768329,"Este d√≠a marca el inicio de un proyecto de unidad por el empleo, la seguridad, la educaci√≥n, la salud y la igualdad. 

#ZuluagaPresidente https://t.co/cjXXTOjHDh"
1461836024015994894,"Hacia Venezuela sale el 50% de la droga que se produce en Colombia, con ayuda del Estado mafioso de Venezuela. La lucha contra el narcotr√°fico debe ser una causa com√∫n para recuperar la seguridad en el pa√≠s. 

#LosForosDelCentro #ZuluagaUnPasoSeguro https://t.co/Eu85MfdD5o"
1461389246183391237,"Lo de Montealegre fue una √©poca oscura que, gracias a Dios, pudimos superar. Y por eso este tema de la justicia es para reflexionar: no podemos seguir permitiendo que la utilicen como herramienta de persecuci√≥n pol√≠tica. Por eso debemos reformarla. 

#MontealegreEs"
1460407977391837186,"¬°El pa√≠s necesita de la Seguridad Democr√°tica 2.0! Urge enfrentar temas como las bandas delincuenciales, el terrorismo urbano, el narcotr√°fico y el microtr√°fico. Vamos a acorrarlar a los criminales para que los colombianos puedan recuperar su tranquilidad.

#ZuluagaEnElCentro https://t.co/WLH6qPsTxJ"
1471471229659926529,"Qu√© horror leer esto. Qu√© degradaci√≥n este informe mal√©volo cuando TODOS VIMOS HORRORIZADOS EL BUS ASALTADO POR DEGENERADOS que mataron un se√±ora que esperaba transporte en un and√©n. C√≠nicos, inmorales, jugando al mejor estilo de pervertir la realidad. https://t.co/NVZ2kmTObj"
1470817735416373252,La presencia prioritaria de la mujer en el @PactoCol y nuestras listas con paridad de g√©nero son el reconocimiento a los liderazgos nacionales y regionales femeninos comprometidos con la paz y la vida. ‚ÄúMachos‚Äù respeten que vienen las mujeres y pisan duro en el @pacto! https://t.co/XZd1hcKpMk
1470816682893582340,"Ganaremos en Primera Vuelta! Construiremos la coalici√≥n parlamentaria y de gobierno m√°s amplia  e incluyente que garantice el cambio real y la defensa de la vida digna, del camino de la paz que hemos construido, la seguridad perdida y la democracia amenazada. ‚Å¶@PactoCol‚Å© https://t.co/yUipwVVdFf"
1471830069723152386,Vale la pena que @navendanog inicie investigaciones para determinar que est√° pasando en Manta. Las empresas de servicios p√∫blicos en muchos lugares est√°n plagadas de corrupci√≥n y sobrecostos. https://t.co/01u0mShYkh
1468014509050761219,"La izquierda radical ha tratado de destruir la confianza ciudadana en la fuerza p√∫blica como estrategia para demoler la institucionalidad. 

Ahora los oigo hablando de mejoras salariarles, y seguridad jur√≠dica. 

Crean los problemas para despu√©s salir a solucionarlos."
1465791677319335946,"La semana pasada se cumplieron 5 a√±os de la firma del acuerdo de la Habana, y Colombia no tiene paz ni estable ni duradera. Tenemos 10 mil hombres en grupos armados. La paz no se firma en un papel sino surge del respeto a las instituciones. https://t.co/acLvk4H2O6"
1464202282027806723,"5 a√±os despu√©s del acuerdo de La Habana los colombianos han entendido que la paz no es algo que se firma. 

La violencia en Colombia tiene que ver con el narcotr√°fico y no con la pol√≠tica. La impunidad en nada sirve. Las v√≠ctimas est√°n olvidadas y la verdad perdida."
1463485918409637889,"5 a√±os despu√©s del acuerdo de La Habana queda:
Impunidad y representaci√≥n pol√≠tica regalada para criminales de lesa humanidad

Ninguna verdad y la negaci√≥n de todos los delitos cometidos

El debilitamiento de las Fuerzas Armadas

El crecimiento del narcotr√°fico

Le llamaban paz"
1471291918185373697,"La seguridad es fundamental para que el pa√≠s funcione, haya inversi√≥n, crecimiento econ√≥mico y empleo.

#BarguilPresidente #DebatePorColombia @ELTIEMPO @WRadioColombia https://t.co/iCQGcMfXzl"
1470852989267099648,"#Oca√±a es tierra pujante, con enorme potencial tur√≠stico y gastron√≥mico. Hoy, en un nuevo aniversario, les env√≠o un saludo fraternal y les anticipo a√±os venideros llenos de progreso y bienestar. ¬°La seguridad ser√° clave!  #PorUnPa√≠sM√°sJusto #BarguilPresidente https://t.co/cQdz4Ot4i5"
1470249206749224967,Si econom√≠a crece a todos les debe ir bien. Apoyamos iniciativa del pte @IvanDuque de solicitar aumento superior al 10% en el salario m√≠nimo. Los trabajadores deben tener mayor capacidad de consumo para que la econom√≠a siga reactiv√°ndose. Importante mensaje el que da el gobierno.
1469806150761820165,La Ley #Borr√≥nYCuentaNueva que impuls√© en el Senado es una realidad que est√° ayudando a millones de colombianos que como Pedro se afectaron por la pandemia y los bloqueos. ¬°La econom√≠a de los hogares es sagrada! Seguiremos en esta lucha en pro del consumidor #PorUnPa√≠sM√°sJusto üá®üá¥ https://t.co/bcBdaawQjT
